{
  "packages/node/src/config.ts": 1778478687.663042,
  "packages/node/src/cli.ts": 1778478687.662558,
  "packages/node/src/router.ts": 1778478687.663042,
  "packages/node/src/handler/message.ts": 1778478687.663042,
  "packages/node/src/server/hula-ws.ts": 1778478687.663042,
  "packages/node/src/commands/activate.ts": 1778478687.662558,
  "packages/node/src/commands/start.ts": 1778478687.663042,
  "packages/node/src/claw/openclaw.ts": 1778478687.662558,
  "packages/node/src/claw/interface.ts": 1778478687.6622639,
  "packages/node/src/utils/debounce.ts": 1778478687.663042,
  "packages/node/src/stream/protocol.ts": 1778478687.663042,
  "packages/node/src/auth/machine.ts": 1778478687.6622639,
  "packages/claw/src/hula-api.ts": 1778478687.6613822,
  "packages/claw/src/index.ts": 1778478687.6613822,
  "packages/claw/src/types.ts": 1778478687.6618106,
  "packages/claw/src/channel/config.ts": 1778478687.661209,
  "packages/claw/src/channel/outbound.ts": 1778478687.6613822,
  "packages/claw/src/channel/index.ts": 1778478687.6613822,
  "packages/claw/src/tools/send-message.ts": 1778478687.6618106,
  "packages/claw/src/tools/index.ts": 1778478687.6618106,
  "packages/claw/src/tools/find-friend.ts": 1778478687.6613822,
  "CLAUDE.md": 1778486129.0483205,
  "README.md": 1778478687.6598215,
  "teamdocs/README.md": 1778486115.3127582,
  "teamdocs/\u770b\u677f.md": 1778486115.3202171,
  "teamdocs/group_doc.md": 1778486115.3182616,
  "teamdocs/_legacy/01-\u9879\u76ee\u7ed3\u6784/\u76ee\u5f55\u76d8\u70b9.md": 1778486115.3129895,
  "teamdocs/_legacy/02-\u73af\u5883\u4e0e\u90e8\u7f72/\u670d\u52a1\u7aef\u4f9d\u8d56\u6e05\u5355\u4e0e\u4e2d\u95f4\u4ef6\u62d3\u6251.md": 1778486115.313254,
  "teamdocs/_legacy/02-\u73af\u5883\u4e0e\u90e8\u7f72/\u57fa\u7840\u955c\u50cf\u4e0e\u914d\u7f6e\u57fa\u7ebf-\u6700\u7ec8\u7248.md": 1778486115.313254,
  "teamdocs/_legacy/02-\u73af\u5883\u4e0e\u90e8\u7f72/\u540e\u7aefCI\u6784\u5efa\u624b\u518c-20260312.md": 1778486115.313254,
  "teamdocs/_legacy/02-\u73af\u5883\u4e0e\u90e8\u7f72/CI\u6d41\u6c34\u7ebf\u4e0e\u53d1\u5e03\u6d41\u7a0b.md": 1778486115.313254,
  "teamdocs/_legacy/02-\u73af\u5883\u4e0e\u90e8\u7f72/\u540e\u7aef\u6784\u5efa\u73af\u5883\u8bbe\u8ba1\u4e0e\u767b\u8bb0-20260310.md": 1778486115.313254,
  "teamdocs/_legacy/02-\u73af\u5883\u4e0e\u90e8\u7f72/\u8054\u8c03\u73af\u5883\u8bf4\u660e.md": 1778486115.313254,
  "teamdocs/_legacy/02-\u73af\u5883\u4e0e\u90e8\u7f72/\u524d\u7aef\u6784\u5efa\u73af\u5883\u8bbe\u8ba1\u4e0e\u767b\u8bb0-20260310.md": 1778486115.313254,
  "teamdocs/_legacy/03-\u5f00\u53d1\u89c4\u8303/Git\u5206\u652f\u4e0e\u63d0\u6d4b\u89c4\u8303.md": 1778486115.313254,
  "teamdocs/_legacy/05-\u4efb\u52a1\u4e0e\u8fdb\u5ea6/REQ-002-\u524d\u7aef\u4efb\u52a1.md": 1778486115.3152542,
  "teamdocs/_legacy/05-\u4efb\u52a1\u4e0e\u8fdb\u5ea6/\u73af\u5883\u642d\u5efa\u4efb\u52a1\u5206\u6d3e.md": 1778486115.3157122,
  "teamdocs/_legacy/05-\u4efb\u52a1\u4e0e\u8fdb\u5ea6/REQ-002-\u540e\u7aef\u4efb\u52a1.md": 1778486115.3157122,
  "teamdocs/_legacy/05-\u4efb\u52a1\u4e0e\u8fdb\u5ea6/REQ-003-\u524d\u7aef\u4efb\u52a1.md": 1778486115.3157122,
  "teamdocs/_legacy/05-\u4efb\u52a1\u4e0e\u8fdb\u5ea6/\u770b\u677f.md": 1778486115.3157122,
  "teamdocs/_legacy/05-\u4efb\u52a1\u4e0e\u8fdb\u5ea6/REQ-003-\u540e\u7aef\u4efb\u52a1.md": 1778486115.3157122,
  "teamdocs/_legacy/05-\u4efb\u52a1\u4e0e\u8fdb\u5ea6/REQ-002-\u524d\u7aef\u8054\u8c03\u6d4b\u8bd5\u6848\u4f8b.md": 1778486115.3157122,
  "teamdocs/_legacy/05-\u4efb\u52a1\u4e0e\u8fdb\u5ea6/REQ-002-\u9700\u6c42\u8c03\u6574-\u6fc0\u6d3b\u6d41\u7a0b\u7b80\u5316.md": 1778486115.3157122,
  "teamdocs/_legacy/09-\u8fd0\u7ef4\u4e0e\u53d1\u5e03/\u53d1\u5e03\u6e05\u5355.md": 1778486115.3166533,
  "teamdocs/_legacy/04-\u9700\u6c42\u4e0e\u8bbe\u8ba1/README.md": 1778486115.313254,
  "teamdocs/_legacy/04-\u9700\u6c42\u4e0e\u8bbe\u8ba1/\u8bbe\u8ba1/REQ-003-\u975eowner\u901a\u8baf\u540e\u7aef\u8bbe\u8ba1.md": 1778486115.3144963,
  "teamdocs/_legacy/04-\u9700\u6c42\u4e0e\u8bbe\u8ba1/\u8bbe\u8ba1/REQ-001-\u8054\u8c03\u63a5\u53e3\u5951\u7ea6.md": 1778486115.3144963,
  "teamdocs/_legacy/04-\u9700\u6c42\u4e0e\u8bbe\u8ba1/\u8bbe\u8ba1/IM\u670d\u52a1\u524d\u7aef\u63a5\u53e3\u89c4\u8303.md": 1778486115.314268,
  "teamdocs/_legacy/04-\u9700\u6c42\u4e0e\u8bbe\u8ba1/\u8bbe\u8ba1/REQ-003-\u975eowner\u901a\u8baf\u524d\u7aef\u8bbe\u8ba1.md": 1778486115.3144963,
  "teamdocs/_legacy/04-\u9700\u6c42\u4e0e\u8bbe\u8ba1/\u8bbe\u8ba1/REQ-002-aichat-claw\u63d2\u4ef6\u67b6\u6784\u8bbe\u8ba1.md": 1778486115.3144963,
  "teamdocs/_legacy/04-\u9700\u6c42\u4e0e\u8bbe\u8ba1/\u9700\u6c42/REQ-001-Web\u7aef\u6539\u9020-\u540e\u7aef\u534f\u4f5c\u6e05\u5355.md": 1778486115.3144963,
  "teamdocs/_legacy/04-\u9700\u6c42\u4e0e\u8bbe\u8ba1/\u9700\u6c42/REQ-002-aiclaw-AI\u52a9\u7406\u529f\u80fd\u9700\u6c42\u8bbe\u8ba1.md": 1778486115.3152542,
  "teamdocs/_legacy/04-\u9700\u6c42\u4e0e\u8bbe\u8ba1/\u9700\u6c42/REQ-003-\u975eowner\u4e0eaiclaw\u901a\u8baf.md": 1778486115.3152542,
  "teamdocs/_legacy/10-\u9644\u5f55/\u5916\u90e8\u63a5\u53e3\u8c03\u67e5/openclaw-API\u8c03\u67e5-20260314.md": 1778486115.3167956,
  "teamdocs/_legacy/08-\u98ce\u9669\u4e0e\u95ee\u9898/\u95ee\u9898\u6e05\u5355.md": 1778486115.3162541,
  "teamdocs/_legacy/08-\u98ce\u9669\u4e0e\u95ee\u9898/\u98ce\u9669\u6e05\u5355.md": 1778486115.3166533,
  "teamdocs/_legacy/00-\u603b\u89c8/\u9879\u76ee\u603b\u89c8.md": 1778486115.3129895,
  "teamdocs/_legacy/07-\u51b3\u7b56\u8bb0\u5f55/ADR-001-aiclaw\u67b6\u6784\u51b3\u7b56.md": 1778486115.3157122,
  "teamdocs/_legacy/07-\u51b3\u7b56\u8bb0\u5f55/ADR-20260310-openclaw\u7eb3\u5165\u6838\u5fc3\u4ea4\u4ed8\u94fe\u4e0e\u9002\u914d\u63d2\u4ef6\u8fb9\u754c.md": 1778486115.3162541,
  "teamdocs/_legacy/07-\u51b3\u7b56\u8bb0\u5f55/ADR-20260313-openclaw\u66ff\u6362\u4e3aaichat-plugins.md": 1778486115.3162541,
  "teamdocs/_legacy/07-\u51b3\u7b56\u8bb0\u5f55/README.md": 1778486115.3162541,
  "teamdocs/_legacy/07-\u51b3\u7b56\u8bb0\u5f55/ADR-20260309-\u5f00\u53d1\u6d4b\u8bd5\u53d1\u5e03\u6d41\u7a0b\u4e0e\u5206\u652f\u7b56\u7565.md": 1778486115.3162541,
  "teamdocs/archive/\u73af\u5883\u642d\u5efa\u4efb\u52a1\u5206\u6d3e.md": 1778486115.3182616,
  "teamdocs/archive/REQ-001-Web\u7aef\u6539\u9020/README.md": 1778486115.3169475,
  "teamdocs/archive/REQ-001-Web\u7aef\u6539\u9020/\u8bbe\u8ba1-\u8054\u8c03\u63a5\u53e3\u5951\u7ea6.md": 1778486115.3170006,
  "teamdocs/archive/REQ-001-Web\u7aef\u6539\u9020/\u9700\u6c42.md": 1778486115.3170006,
  "teamdocs/archive/REQ-002-aiclaw-AI\u52a9\u7406/\u4efb\u52a1-\u8054\u8c03\u6d4b\u8bd5\u6848\u4f8b.md": 1778486115.3172543,
  "teamdocs/archive/REQ-002-aiclaw-AI\u52a9\u7406/README.md": 1778486115.3170006,
  "teamdocs/archive/REQ-002-aiclaw-AI\u52a9\u7406/\u4efb\u52a1-\u540e\u7aef.md": 1778486115.3172543,
  "teamdocs/archive/REQ-002-aiclaw-AI\u52a9\u7406/\u9700\u6c42\u8c03\u6574-\u6fc0\u6d3b\u6d41\u7a0b\u7b80\u5316.md": 1778486115.3172543,
  "teamdocs/archive/REQ-002-aiclaw-AI\u52a9\u7406/\u8bbe\u8ba1-\u63d2\u4ef6\u67b6\u6784.md": 1778486115.3172543,
  "teamdocs/archive/REQ-002-aiclaw-AI\u52a9\u7406/\u5916\u90e8\u63a5\u53e3\u8c03\u67e5-openclaw-API.md": 1778486115.3172543,
  "teamdocs/archive/REQ-002-aiclaw-AI\u52a9\u7406/\u9700\u6c42.md": 1778486115.3172543,
  "teamdocs/archive/REQ-002-aiclaw-AI\u52a9\u7406/\u4efb\u52a1-\u524d\u7aef.md": 1778486115.3172543,
  "teamdocs/archive/REQ-002-aiclaw-AI\u52a9\u7406/adr/ADR-001-aiclaw\u67b6\u6784\u51b3\u7b56.md": 1778486115.3171988,
  "teamdocs/archive/REQ-002-aiclaw-AI\u52a9\u7406/adr/ADR-20260313-openclaw\u66ff\u6362\u4e3aaichat-plugins.md": 1778486115.3172543,
  "teamdocs/archive/REQ-002-aiclaw-AI\u52a9\u7406/adr/ADR-20260310-openclaw\u7eb3\u5165\u6838\u5fc3\u4ea4\u4ed8\u94fe.md": 1778486115.3172543,